"DESCRIPTION","DURATION IN MS","NAME","PARENT SUITE","START TIME","STATUS","STOP TIME","SUB SUITE","SUITE","TEST CLASS","TEST METHOD"
"","1154","Left-click test","","2026-09-30","passed","2026-09-30","","ui.DropDownPageTests","ui.DropDownPageTests","leftClickTest"
"","1040","Notification test with safe mock","","2026-09-30","broken","2026-09-30","","ui.NotificationsPageTests","ui.NotificationsPageTests","notificationsTest"
"","1914","Get cookies test","","2026-09-30","broken","2026-09-30","","ui.CookiesPageTests","ui.CookiesPageTests","getCookiesTest"
"","1921","Verify alert text","","2026-09-30","broken","2026-09-30","","ui.DialogBoxesPageTests","ui.DialogBoxesPageTests","verifyAlertTextTest"
"","1843","Mouse over all images","","2026-09-30","broken","2026-09-30","","ui.MouseOverPageTests","ui.MouseOverPageTests","allImages"
"","10918","IFrame test","","2026-09-30","passed","2026-09-30","","ui.IFrameTests","ui.IFrameTests","iFrameTest"
"","1126","verifyTextAreInputFieldTest()","","2026-09-30","passed","2026-09-30","","ui.WebFormPageTests","ui.WebFormPageTests","verifyTextAreInputFieldTest"
"","779","verifyDisabledInputFieldTest()","","2026-09-30","passed","2026-09-30","","ui.WebFormPageTests","ui.WebFormPageTests","verifyDisabledInputFieldTest"
"","3743","Get cookie by name","","2026-09-30","broken","2026-09-30","","ui.CookiesPageTests","ui.CookiesPageTests","getCookieByNameTest"
"","1880","Accept confirm alert","","2026-09-30","broken","2026-09-30","","ui.DialogBoxesPageTests","ui.DialogBoxesPageTests","acceptAlertTest"
"","857","Color picker test","","2026-09-30","passed","2026-09-30","","ui.WebFormPageTests","ui.WebFormPageTests","verifyColorPickerTest"
"","889","verifyTextInputFieldTest()","","2026-09-30","passed","2026-09-30","","ui.WebFormPageTests","ui.WebFormPageTests","verifyTextInputFieldTest"
"","1895","Add cookie test","","2026-09-30","broken","2026-09-30","","ui.CookiesPageTests","ui.CookiesPageTests","addCookieByNameTest"
"","1831","Navigate to page {pageName} test","","2026-09-30","broken","2026-09-30","","ui.NavigationPageTests","ui.NavigationPageTests","navigationTest"
"","886","Date picker test","","2026-09-30","passed","2026-09-30","","ui.WebFormPageTests","ui.WebFormPageTests","verifyDatePickerTest"
"","1927","Enter prompted name and accept","","2026-09-30","broken","2026-09-30","","ui.DialogBoxesPageTests","ui.DialogBoxesPageTests","enterPromptedNameAndAcceptTest"
"","2365","Infinite scroll test","","2026-09-30","passed","2026-09-30","","ui.InfiniteScrollPageTests","ui.InfiniteScrollPageTests","infiniteScrollTest"
"","1998","Navigate to {pageName} page","","2026-09-30","broken","2026-09-30","","ui.NavigationPageTests","ui.NavigationPageTests","navigationTest3"
"","850","Upload file test","","2026-09-30","broken","2026-09-30","","ui.WebFormPageTests","ui.WebFormPageTests","verifyUploadFileTest"
"","757","Long page read last paragraph","","2026-09-30","passed","2026-09-30","","ui.LongTextPageTests","ui.LongTextPageTests","longPageReadLastParagraphTest"
"","1779","Get local storage size","","2026-09-30","broken","2026-09-30","","ui.WebStoragePageTests","ui.WebStoragePageTests","localStorageTest"
"","1876","Loading images using implicit wait test","","2026-09-30","broken","2026-09-30","","ui.LoadingImagesPageTests","ui.LoadingImagesPageTests","loadingImagesImplicitWaitTest"
"","1890","Delete cookie test","","2026-09-30","broken","2026-09-30","","ui.CookiesPageTests","ui.CookiesPageTests","deleteCookieByNameTest"
"","2104","countAllLinksAndChaptersTest()","","2026-09-30","broken","2026-09-30","","ui.HomePageTests","ui.HomePageTests","countAllLinksAndChaptersTest"
"","1830","Save modal window changes","","2026-09-30","broken","2026-09-30","","ui.DialogBoxesPageTests","ui.DialogBoxesPageTests","saveModalWindowChangesTest"
"","1898","Dismiss confirm alert","","2026-09-30","broken","2026-09-30","","ui.DialogBoxesPageTests","ui.DialogBoxesPageTests","dismissConfirmAlertTest"
"","1852","Shadow DOM test","","2026-09-30","broken","2026-09-30","","ui.ShadowDomPageTests","ui.ShadowDomPageTests","shadowDomTest"
"","1830","Mouse over image","","2026-09-30","broken","2026-09-30","","ui.MouseOverPageTests","ui.MouseOverPageTests","image"
"","1831","Display local storage values","","2026-09-30","broken","2026-09-30","","ui.WebStoragePageTests","ui.WebStoragePageTests","localStorageTest2"
"","1873","Close modal window","","2026-09-30","broken","2026-09-30","","ui.DialogBoxesPageTests","ui.DialogBoxesPageTests","closeModalWindowTest"
"","5889","Geolocation test","","2026-09-30","broken","2026-09-30","","ui.GeolocationPageTests","ui.GeolocationPageTests","geolocationTest"
"","721","verifyHomePageUrlTest()","","2026-09-30","passed","2026-09-30","","ui.HomePageTests","ui.HomePageTests","verifyHomePageUrlTest"
"","753","Long page test","","2026-09-30","passed","2026-09-30","","ui.LongTextPageTests","ui.LongTextPageTests","longPageTest"
"","1865","Set session storage item","","2026-09-30","broken","2026-09-30","","ui.WebStoragePageTests","ui.WebStoragePageTests","sessionStorageTest2"
"","1782","Get session storage size","","2026-09-30","broken","2026-09-30","","ui.WebStoragePageTests","ui.WebStoragePageTests","sessionStorageTest"
"","771","verifyHomePageTitleTest()","","2026-09-30","passed","2026-09-30","","ui.HomePageTests","ui.HomePageTests","verifyHomePageTitleTest"
"","1798","Slow calculator test","","2026-09-30","broken","2026-09-30","","ui.SlowCalculatorPageTests","ui.SlowCalculatorPageTests","slowCalculatorTest2"
"","1867","Login form test","","2026-09-30","broken","2026-09-30","","ui.LoginFormPageTests","ui.LoginFormPageTests","loginFormTest"
"","1863","Loading images using fluent wait test","","2026-09-30","broken","2026-09-30","","ui.LoadingImagesPageTests","ui.LoadingImagesPageTests","loadingImagesFluentWaitTest"
"","1111","Right-click test","","2026-09-30","passed","2026-09-30","","ui.DropDownPageTests","ui.DropDownPageTests","rightClickTest"
"","1845","Enter prompted name and cancel","","2026-09-30","broken","2026-09-30","","ui.DialogBoxesPageTests","ui.DialogBoxesPageTests","enterPromptedNameAndCancelTest"
"","2091","Edit cookie test","","2026-09-30","broken","2026-09-30","","ui.CookiesPageTests","ui.CookiesPageTests","editCookieByNameTest"
"","858","Dropdown (datalist) test: select option after entering value","","2026-09-30","passed","2026-09-30","","ui.WebFormPageTests","ui.WebFormPageTests","verifyDropDownDataListFieldTest"
"","1109","Double-click test","","2026-09-30","passed","2026-09-30","","ui.DropDownPageTests","ui.DropDownPageTests","doubleClickTest"
"","1829","Loading images using explicit wait test","","2026-09-30","broken","2026-09-30","","ui.LoadingImagesPageTests","ui.LoadingImagesPageTests","loadingImagesExplicitWaitTest"
"","849","Checkboxes test","","2026-09-30","passed","2026-09-30","","ui.WebFormPageTests","ui.WebFormPageTests","verifyCheckboxesTest"
"","1209","IFrame test","","2026-09-30","passed","2026-09-30","","ui.FramePageTests","ui.FramePageTests","iFrameTest"
"","1811","Navigate to {pageName} page","","2026-09-30","broken","2026-09-30","","ui.NavigationPageTests","ui.NavigationPageTests","navigationTest2"
"","835","Radio buttons tests","","2026-09-30","passed","2026-09-30","","ui.WebFormPageTests","ui.WebFormPageTests","verifyRadioButtonsTest"
"","902","Range test","","2026-09-30","passed","2026-09-30","","ui.WebFormPageTests","ui.WebFormPageTests","verifyRangeTest"
"","1815","Set local storage item","","2026-09-30","broken","2026-09-30","","ui.WebStoragePageTests","ui.WebStoragePageTests","localStorageTest3"
"","984","verifyDropDownSelectFieldTest()","","2026-09-30","passed","2026-09-30","","ui.WebFormPageTests","ui.WebFormPageTests","verifyDropDownSelectFieldTest"
"","930","verifyPasswordInputFieldTest()","","2026-09-30","passed","2026-09-30","","ui.WebFormPageTests","ui.WebFormPageTests","verifyPasswordInputFieldTest"
"","796","verifyReadOnlyFieldTest()","","2026-09-30","passed","2026-09-30","","ui.WebFormPageTests","ui.WebFormPageTests","verifyReadOnlyFieldTest"
"","1880","Drag and drop test","","2026-09-30","broken","2026-09-30","","ui.DragAndDropPageTests","ui.DragAndDropPageTests","dragAndDropTest"
"","3431","Drawing in Canvas test","","2026-09-30","passed","2026-09-30","","ui.DrawingInCanvasPageTests","ui.DrawingInCanvasPageTests","drawingInCanvasTest"
